source_entity_ref,event_type,version,trigger,timestamp,metadata_json
mlflow://experiment-1/patient-readmission-risk,deployed,v1.0.5,Tool integration update,2026-06-11T20:00:00Z,"{""training_records"": 27684, ""training_duration_min"": 94, ""status"": ""Retired"", ""champion_challenger"": ""Retired""}"
mlflow://experiment-1/patient-readmission-risk,retrained,v2.2.2,Safety guardrail update,2026-06-21T23:00:00Z,"{""training_records"": 253115, ""training_duration_min"": 368, ""status"": ""Production"", ""champion_challenger"": ""Champion""}"
mlflow://experiment-2/adverse-drug-event-detector,deployed,v1.0.4,Performance degradation,2026-06-12T22:00:00Z,"{""training_records"": 490979, ""training_duration_min"": 198, ""status"": ""Retired"", ""champion_challenger"": ""Retired""}"
mlflow://experiment-2/adverse-drug-event-detector,retrained,v2.3.4,Scheduled retrain,2026-07-20T02:00:00Z,"{""training_records"": 393316, ""training_duration_min"": 236, ""status"": ""Production"", ""champion_challenger"": ""Champion""}"
mlflow://experiment-3/clinical-trial-enrollment-pred,config_change,v1.2.2,Prompt optimization,2026-06-14T22:00:00Z,"{""training_records"": 209576, ""training_duration_min"": 29, ""status"": ""Retired"", ""champion_challenger"": ""Retired""}"
mlflow://experiment-3/clinical-trial-enrollment-pred,config_change,v2.2.4,Tool integration update,2026-06-23T05:00:00Z,"{""training_records"": 394674, ""training_duration_min"": 393, ""status"": ""Production"", ""champion_challenger"": ""Champion""}"
mlflow://experiment-4/disease-progression-forecaster,deployed,v1.0.1,New training data,2026-05-09T01:00:00Z,"{""training_records"": 76910, ""training_duration_min"": 100, ""status"": ""Retired"", ""champion_challenger"": ""Retired""}"
mlflow://experiment-4/disease-progression-forecaster,retrained,v2.3.3,Scheduled retrain,2026-05-26T22:00:00Z,"{""training_records"": 227748, ""training_duration_min"": 231, ""status"": ""Retired"", ""champion_challenger"": ""Retired""}"
mlflow://experiment-4/disease-progression-forecaster,retrained,v3.2.4,Prompt optimization,2026-06-22T03:00:00Z,"{""training_records"": 492800, ""training_duration_min"": 293, ""status"": ""Retired"", ""champion_challenger"": ""Retired""}"
mlflow://experiment-4/disease-progression-forecaster,config_change,v4.3.5,Performance degradation,2026-07-27T05:00:00Z,"{""training_records"": 440826, ""training_duration_min"": 429, ""status"": ""Production"", ""champion_challenger"": ""Champion""}"
mlflow://experiment-5/medical-image-anomaly-detector,retrained,v1.0.0,Performance degradation,2026-05-14T06:00:00Z,"{""training_records"": 191587, ""training_duration_min"": 225, ""status"": ""Retired"", ""champion_challenger"": ""Retired""}"
mlflow://experiment-5/medical-image-anomaly-detector,retrained,v2.2.3,Performance degradation,2026-06-06T05:00:00Z,"{""training_records"": 471044, ""training_duration_min"": 415, ""status"": ""Retired"", ""champion_challenger"": ""Retired""}"
mlflow://experiment-5/medical-image-anomaly-detector,config_change,v3.0.1,Tool integration update,2026-06-09T05:00:00Z,"{""training_records"": 233394, ""training_duration_min"": 37, ""status"": ""Retired"", ""champion_challenger"": ""Retired""}"
mlflow://experiment-5/medical-image-anomaly-detector,config_change,v4.1.9,Tool integration update,2026-07-01T03:00:00Z,"{""training_records"": 389580, ""training_duration_min"": 182, ""status"": ""Retired"", ""champion_challenger"": ""Retired""}"
mlflow://experiment-5/medical-image-anomaly-detector,retrained,v5.0.5,Scheduled retrain,2026-07-15T21:00:00Z,"{""training_records"": 425731, ""training_duration_min"": 67, ""status"": ""Production"", ""champion_challenger"": ""Champion""}"
mlflow://experiment-6/length-of-stay-predictor,retrained,v1.1.1,Scheduled retrain,2026-05-16T01:00:00Z,"{""training_records"": 428525, ""training_duration_min"": 91, ""status"": ""Retired"", ""champion_challenger"": ""Retired""}"
mlflow://experiment-6/length-of-stay-predictor,config_change,v2.3.0,Safety guardrail update,2026-07-26T00:00:00Z,"{""training_records"": 35778, ""training_duration_min"": 370, ""status"": ""Production"", ""champion_challenger"": ""Champion""}"
mlflow://experiment-7/claim-denial-risk-scorer,deployed,v1.2.5,Prompt optimization,2026-05-13T01:00:00Z,"{""training_records"": 422181, ""training_duration_min"": 472, ""status"": ""Retired"", ""champion_challenger"": ""Retired""}"
mlflow://experiment-7/claim-denial-risk-scorer,config_change,v2.1.9,Safety guardrail update,2026-06-01T20:00:00Z,"{""training_records"": 368499, ""training_duration_min"": 160, ""status"": ""Retired"", ""champion_challenger"": ""Retired""}"
mlflow://experiment-7/claim-denial-risk-scorer,retrained,v3.0.4,Safety guardrail update,2026-06-20T22:00:00Z,"{""training_records"": 447645, ""training_duration_min"": 187, ""status"": ""Retired"", ""champion_challenger"": ""Retired""}"
mlflow://experiment-7/claim-denial-risk-scorer,retrained,v4.0.9,Scheduled retrain,2026-07-12T06:00:00Z,"{""training_records"": 186305, ""training_duration_min"": 76, ""status"": ""Retired"", ""champion_challenger"": ""Retired""}"
mlflow://experiment-7/claim-denial-risk-scorer,config_change,v5.0.5,New training data,2026-07-24T03:00:00Z,"{""training_records"": 207184, ""training_duration_min"": 24, ""status"": ""Production"", ""champion_challenger"": ""Champion""}"
mlflow://experiment-8/drug-efficacy-predictor,deployed,v1.2.1,Drift threshold exceeded,2026-05-15T00:00:00Z,"{""training_records"": 38702, ""training_duration_min"": 134, ""status"": ""Retired"", ""champion_challenger"": ""Retired""}"
mlflow://experiment-8/drug-efficacy-predictor,deployed,v2.3.0,Scheduled retrain,2026-06-12T21:00:00Z,"{""training_records"": 135197, ""training_duration_min"": 131, ""status"": ""Retired"", ""champion_challenger"": ""Retired""}"
mlflow://experiment-8/drug-efficacy-predictor,retrained,v3.3.7,Tool integration update,2026-07-28T20:00:00Z,"{""training_records"": 494867, ""training_duration_min"": 260, ""status"": ""Production"", ""champion_challenger"": ""Champion""}"
agent://clinical-decision-support-agen,config_change,v1.3.0,Scheduled retrain,2026-05-20T04:00:00Z,"{""status"": ""Retired"", ""champion_challenger"": ""Retired""}"
agent://clinical-decision-support-agen,deployed,v2.0.0,Scheduled retrain,2026-06-02T22:00:00Z,"{""status"": ""Retired"", ""champion_challenger"": ""Retired""}"
agent://clinical-decision-support-agen,config_change,v3.5.0,Performance degradation,2026-06-09T18:00:00Z,"{""status"": ""Retired"", ""champion_challenger"": ""Retired""}"
agent://clinical-decision-support-agen,deployed,v4.1.0,Manual request,2026-07-09T01:00:00Z,"{""status"": ""Retired"", ""champion_challenger"": ""Retired""}"
agent://clinical-decision-support-agen,config_change,v5.0.0,Prompt optimization,2026-07-29T23:00:00Z,"{""status"": ""Production"", ""champion_challenger"": ""Champion""}"
agent://prior-authorization-agent,config_change,v1.1.0,Manual request,2026-05-03T21:00:00Z,"{""status"": ""Retired"", ""champion_challenger"": ""Retired""}"
agent://prior-authorization-agent,deployed,v2.5.0,Scheduled retrain,2026-05-23T01:00:00Z,"{""status"": ""Retired"", ""champion_challenger"": ""Retired""}"
agent://prior-authorization-agent,config_change,v3.5.0,Prompt optimization,2026-06-08T21:00:00Z,"{""status"": ""Retired"", ""champion_challenger"": ""Retired""}"
agent://prior-authorization-agent,deployed,v4.2.0,New training data,2026-07-11T04:00:00Z,"{""status"": ""Retired"", ""champion_challenger"": ""Retired""}"
agent://prior-authorization-agent,config_change,v5.4.0,Manual request,2026-07-21T04:00:00Z,"{""status"": ""Production"", ""champion_challenger"": ""Champion""}"
agent://clinical-trial-matching-agent,config_change,v1.3.0,Prompt optimization,2026-05-23T01:00:00Z,"{""status"": ""Retired"", ""champion_challenger"": ""Retired""}"
agent://clinical-trial-matching-agent,deployed,v2.3.0,Prompt optimization,2026-06-03T00:00:00Z,"{""status"": ""Retired"", ""champion_challenger"": ""Retired""}"
agent://clinical-trial-matching-agent,config_change,v3.5.0,Performance degradation,2026-07-08T03:00:00Z,"{""status"": ""Production"", ""champion_challenger"": ""Champion""}"
agent://radiology-copilot,config_change,v1.5.0,New training data,2026-05-09T00:00:00Z,"{""status"": ""Retired"", ""champion_challenger"": ""Retired""}"
agent://radiology-copilot,deployed,v2.0.0,Prompt optimization,2026-05-29T04:00:00Z,"{""status"": ""Retired"", ""champion_challenger"": ""Retired""}"
agent://radiology-copilot,config_change,v3.2.0,Drift threshold exceeded,2026-06-11T23:00:00Z,"{""status"": ""Retired"", ""champion_challenger"": ""Retired""}"
agent://radiology-copilot,deployed,v4.3.0,Manual request,2026-07-07T23:00:00Z,"{""status"": ""Retired"", ""champion_challenger"": ""Retired""}"
agent://radiology-copilot,deployed,v5.0.0,Prompt optimization,2026-07-20T05:00:00Z,"{""status"": ""Production"", ""champion_challenger"": ""Champion""}"
